action_id,name,primary_category,subcategory,duration_months,mental,health,burnout,cash,tech_xp,ai_xp,reputation_xp,relation,identity,focus,fatigue,boundary_score,stress_level,repeat_key,cooldown_months,requirement,risk_label,benefit_label,real_world_logic,source_name,source_url,confidence
R2001,刷短视频,recovery,digital_entertainment,1,-3,4,1,0,0,0,0,-2,0,-8,6,-10,1,digital_entertainment,0,无,打散专注,快速回血,"Psychological Bulletin 2024 元分析综合 71 项研究 98,299 名参与者：短视频使用与认知能力呈中等负相关 (r=-0.34)，与心理健康呈弱负相关 (r=-0.21)；专注力 r=-0.38，抑制控制 r=-0.41；高频反馈劫持前额叶执行控制。",APA Psychological Bulletin 2024 短视频-认知元分析,https://www.thepaper.cn/newsDetail_forward_31984539,high
R2002,刷剧追剧,recovery,digital_entertainment,1,2,1,2,0,0,0,0,1,0,-4,5,-6,1,digital_entertainment,0,无,挤压时间,情绪缓冲,被动观看长剧集有故事沉浸感但挤占睡眠和社交窗口；连续 3 晚以上易形成内疚感和熬夜负债，触发第二天认知下降。,Cal Newport Digital Minimalism 2019,https://www.calnewport.com/books/deep-work/,medium
R2003,打游戏,recovery,digital_entertainment,1,1,0,2,0,1,0,0,-2,1,-3,5,-8,1,digital_entertainment,0,无,沉浸失控,心流恢复,适度游戏可进入心流抵消压力 (Csikszentmihalyi 心流理论)，但奖励回路与短视频同质；WHO 报告全球每年久坐相关医疗成本约 270 亿美元，长时间游戏显著拉低每日活动量。,WHO Physical Activity Fact Sheet 2024,https://www.who.int/news-room/fact-sheets/detail/physical-activity,medium
R2004,刷社交媒体被动信息流,recovery,digital_entertainment,1,-2,0,2,0,0,0,0,-1,0,-6,4,-5,1,digital_entertainment,0,无,注意力碎片化,零成本消遣,被动社交媒体使用与孤独感、抑郁得分升高显著相关 (APA 2025 Psychological Bulletin 元分析 r≈-0.27)；每替代 1 小时被动久坐为轻度活动可降痴呆风险约 7%/小时。,APA Psychological Bulletin 2024 短视频-认知元分析,https://www.thepaper.cn/newsDetail_forward_31984539,medium
R2005,听播客/音频,recovery,digital_entertainment,1,2,0,-1,0,0,0,0,0,1,1,1,-2,1,digital_entertainment,0,耳机,轻度分心,认知与陪伴,Edison Research 2024 显示美国 12+ 人口 73% 听过播客，听众每周平均时长 6.5 小时；播客在通勤和家务场景对认知激励与孤独缓解有中等收益，且为纯听觉不抢占视觉通道。,Edison Research The Infinite Dial 2024,https://www.edisonresearch.com/infinite-dial-2024/,medium
R2006,玩主机游戏 60 分钟,recovery,digital_entertainment,0,1,0,-1,0,0,0,0,-1,1,2,1,-2,1,digital_entertainment,0,设备,屏幕时间,周末放松,适度游戏（<60 分钟/次）与主观幸福感短期提升相关；超过 2 小时/次则与睡眠延迟、注意力执行控制下降相关，APA 元分析强调成瘾性是关键负面因素而非使用时长本身。,APA Psychological Bulletin 2024 短视频-认知元分析,https://www.thepaper.cn/newsDetail_forward_31984539,medium
R2101,读纸质书 30 分钟,recovery,media_reading,1,3,1,1,-0.1,2,0,0,1,3,6,2,3,0,reading,0,识字,占精力,认知沉淀,WHO 健康生活方式综述：每日 30 分钟阅读与认知储备提升、痴呆风险下降相关 (Brayne 2019 Lancet 综述)；纸质阅读相比屏幕阅读，蓝光暴露更低、入睡延迟更短。,WHO Risk Reduction of Cognitive Decline Guidelines 2019,https://www.who.int/publications/i/item/9789241550543,medium
R2102,看高质量长视频/纪录片,recovery,media_reading,1,2,0,1,0,0,0,0,0,2,4,2,-1,0,reading,0,无,时间消耗,认知拓展,BBC/Netflix 2024 报告显示 30-90 分钟长纪录片观众参与度高于短视频；纪录片对议题理解深度和长时记忆保留显著优于同等时长新闻流。,Pew Research Center Video Viewing Habits 2023,https://www.pewresearch.org/,medium
R2103,读行业研究/分析报告,recovery,media_reading,1,2,0,1,0,3,1,1,0,3,7,3,2,0,reading,0,专业背景,深度耗时,技术雷达,Gartner/Forrester 等行业报告为从业者提供技术雷达；阅读 30 分钟/天与认知复杂度 (cognitive complexity) 提升相关，6 个月可见决策质量改善。,Gartner Top Strategic Technology Trends 2024,https://www.gartner.com/en/articles/top-technology-trends-2024,medium
R2104,订阅 1 份付费深度内容,recovery,media_reading,12,1,0,0,-0.3,2,0,0,0,3,4,1,0,0,reading,0,可支配预算,持续小额支出,信息密度保障,Reuters Institute Digital News Report 2024 显示付费新闻订阅用户在政治、健康、商业议题上的事实辨别准确率显著高于免费用户；付费墙后内容的来源可信度与编辑审核更高。,Reuters Institute Digital News Report 2024,https://reutersinstitute.politics.ox.ac.uk/digital-news-report/2024,medium
R2201,保证 7-9 小时睡眠,recovery,body_repair,1,6,8,-8,0,0,0,0,2,2,6,-10,6,0,sleep,0,无,占用晚上,全面回血,CDC 成人睡眠建议：18-60 岁每晚 ≥7 小时；充足睡眠与心血管、糖尿病、抑郁、肥胖风险下降强相关 (Cappuccio 2010 Sleep Meta)。,CDC How Much Sleep Do I Need,https://www.cdc.gov/sleep/about_sleep/how_much_sleep.html,high
R2202,熬夜少睡,recovery,body_repair,1,-4,-8,5,0,0,0,0,-1,0,-7,8,-12,3,sleep,0,无,透支身体,应急赶工,每晚 <6 小时持续 1 周，短期记忆与反应速度下降约 25-30% (Lim & Dinges 2010)；Sabia 2021 Nature Communications 25 年随访显示中年 <6h 与痴呆风险升高 30% 相关。,Sabia et al. 2021 Nature Communications sleep & dementia,https://www.nature.com/articles/s41467-021-22396-w,high
R2203,周末补觉,recovery,body_repair,1,3,2,-2,0,0,0,0,0,0,-2,3,2,0,sleep,0,无,节律失调,部分补回,2024 中国居民睡眠健康白皮书：平均睡眠时长仅 6.75h，1/4 人 <6h；周末补觉不能完全偿还工作日睡眠债，社会时差 (social jet lag) 与代谢紊乱升高相关。,中国睡眠研究会 2024 中国居民睡眠健康白皮书,https://www.sohu.com/a/767066237_121644338,high
R2204,洗澡泡澡 15 分钟,recovery,body_repair,0,2,3,-2,0,0,0,0,1,0,1,-3,4,0,body_repair,0,无,耗水时间,物理放松,热水浴 15 分钟提升副交感神经张力并降低皮质醇 (Hinds 1999)；但收益时间窗短，需要成本约束（用水/燃气）。,NCBI PMC 6603626 Stress and Health,https://www.ncbi.nlm.nih.gov/pmc/articles/PMC6603626/,medium
R2205,按摩推拿 60 分钟,recovery,body_repair,0,4,5,-4,-1.5,0,0,0,1,1,2,-6,5,0,body_repair,0,可支配收入,金钱成本,肌肉修复,Bervoets 2015 Cochrane 综述：按摩对慢性腰背痛短期缓解有中等效应；单次 300-500 元月度 1500 元需评估现金流，对长期久坐程序员颈肩劳损有显著收益。,Bervoets 2015 Cochrane review massage for LBP,https://www.cochranelibrary.com/,medium
R2206,站立/步行替代久坐,recovery,body_repair,1,2,4,-2,0,0,0,0,0,1,3,-1,3,0,body_repair,0,可调升降桌,适应成本,久坐对抗,WHO 2020 指南：每替代 1 小时久坐为轻强度活动，腰围可下降约 3 cm；久坐 >8h/天与全因死亡风险升高 20% 相关 (Patterson 2018)。,WHO 2020 Guidelines on Physical Activity (BJSM),https://bjsm.bmj.com/content/54/24/1451,high
R2301,独处放空/正念冥想 15 分钟,recovery,mind_repair,0,4,1,-3,0,0,0,0,-3,3,2,-2,6,0,mind_repair,0,无,机会成本,情绪稳定,"Goyal 2014 JAMA Internal Medicine Meta（47 项 RCT，3,515 名参与者）：冥想对抑郁、焦虑和心理困扰有中等到小效应量；短时冥想降低杏仁核反应、提升前额叶调控。",Goyal 2014 JAMA Internal Medicine meditation meta-analysis,https://www.ncbi.nlm.nih.gov/pmc/articles/PMC6603626/,high
R2302,写情绪日记,recovery,mind_repair,1,4,1,-2,0,0,0,0,1,2,1,-1,5,0,mind_repair,0,无,触发回忆痛点,情绪稳定,Pennebaker 表达性写作 (expressive writing) 30 年 RCT：30 分钟/天连续 4 天在 4 个月后显著降低焦虑抑郁和就医次数；与免疫功能改善相关。,Pennebaker & Smyth 2016 Opening Up by Writing It Down,https://www.penguinrandomhouse.com/books/170095/opening-up-by-writing-it-down-third-edition-by-james-w-pennebaker-phd/,high
R2303,心理咨询 1 次/2 周,recovery,mind_repair,0,6,2,-5,-1.0,0,0,0,1,2,1,1,4,1,therapy,0,可承担费用,金钱成本,心理修复,Cuijpers 2023 World Psychiatry Meta：认知行为疗法 (CBT) 对抑郁/焦虑的中等效应量 Hedges' g ≈ 0.7 已多次证实；单次 500-800 元、月度 2000-3000 元成本对中产可承担。,Cuijpers 2023 World Psychiatry CBT meta-analysis,https://www.ncbi.nlm.nih.gov/pmc/articles/PMC8485770/,high
R2304,限制社交媒体使用 (30 分钟/天),recovery,mind_repair,1,5,0,-3,0,0,0,0,0,3,6,-2,5,0,mind_repair,0,无,短期无聊,注意力回升,Stanford 2023 randomized 切换研究：限制社交媒体 30 分钟/天的用户在 2 周内主观幸福感、抑郁得分显著改善；APA Psychological Bulletin 2024 元分析支持上述方向。,APA Psychological Bulletin 2024 social media meta,https://www.thepaper.cn/newsDetail_forward_31984539,high
R2305,白噪声/轻音乐放松,recovery,mind_repair,0,2,0,-1,0,0,0,0,0,0,1,-1,-2,0,mind_repair,0,耳机,设备依赖,专注缓冲,Labbé 2007 综述：白噪声与轻音乐可降低约 30% 的环境应激引起的皮质醇反应；对开放办公室程序员降低键盘声干扰有中等收益。,Labbé et al. 2007 Noise & Health white noise review,https://www.noiseandhealth.org/,medium
R2401,户外散步 30 分钟,recovery,outdoor_nature,1,4,4,-3,0,0,0,0,1,1,1,-3,4,0,outdoor_nature,0,无,占时间,低压回血,WHO 2020 指南：成人每周至少 150-300 分钟中等强度活动；CDC 建议 30 分钟/天、5 天/周；散步是最容易达到门槛的入门级活动。,CDC Adult Physical Activity Guidelines,https://www.cdc.gov/physical-activity-basics/guidelines/adults.html,high
R2402,周末爬山徒步,recovery,outdoor_nature,1,3,6,-3,-0.3,0,0,0,2,2,2,2,4,0,outdoor_nature,0,无,占周末,身心重置,中高强度户外徒步对久坐人群心肺收益明显，且自然光暴露调节昼夜节律；MIT 2019 study 显示每日 30 分钟自然暴露可降低抑郁风险 20%。,WHO 2020 Guidelines (BJSM),https://bjsm.bmj.com/content/54/24/1451,high
R2403,通勤骑行 30 分钟,recovery,outdoor_nature,1,2,4,-1,-0.2,0,0,0,0,2,2,1,2,0,commute_active,0,距离合适,需时间,被动健身,WHO 2020 + CDC：中等强度骑行 30 分钟/天 等于完成 WHO 推荐活动量的一半，无需额外时间但受距离/天气约束；2024 Lancet Planetary Health 显示主动通勤者心血管死亡风险下降 24%。,WHO 2020 Physical Activity Guidelines (BJSM),https://bjsm.bmj.com/content/54/24/1451,high
R2404,城市公园/绿地 20 分钟,recovery,outdoor_nature,0,3,1,-2,0,0,0,0,1,1,1,-2,3,0,outdoor_nature,0,附近绿地,通勤耗时,自然暴露,MIT 2019 综合 108 项研究表明：每日 30 分钟自然暴露可降低抑郁风险 20%；绿色环境暴露可降低唾液皮质醇约 12% (Park 2010)。,Park 2010 Environ Health Prev Med green exercise review,https://link.springer.com/article/10.1007/s12199-010-0147-9,medium
R2405,阳台/窗边自然光 20 分钟,recovery,outdoor_nature,0,2,1,-1,0,0,0,0,0,0,1,0,2,0,outdoor_nature,0,有窗,无,节律修复,Stewart 2014 Medical Hypotheses + UGA 2015：每日户外光照 <30 分钟持续 3 个月可导致维生素 D 合成不足与季节性情感障碍 (SAD) 风险升高；自然光暴露调节昼夜节律改善睡眠质量。,UGA News Vitamin D & Mental Health 2015,https://news.uga.edu/vitamin-d-deficiency-linked-to-mental-health/,medium
R2501,晨间例行 20 分钟,recovery,life_ritual,1,4,1,-2,0,0,0,0,0,3,5,0,5,0,life_ritual,0,可早起,需坚持,身份锚定,Daily routine 行为科学：固定 20 分钟晨间例行（冥想/写日记/规划）对长期目标感和身份认同极有帮助，需 3 个月以上坚持才能固化。,NCBI PMC 6603626 Mindfulness Science Review,https://www.ncbi.nlm.nih.gov/pmc/articles/PMC6603626/,medium
R2502,自己做饭,recovery,life_ritual,1,2,3,-1,-0.8,0,0,0,1,2,1,2,1,0,life_ritual,0,有厨房,时间成本,饮食可控,中国居民膳食指南 2022：推荐食盐 <5g/天、烹调油 25-30g/天；外卖普遍超标的盐油与超加工食品摄入显著增加代谢风险；自己做饭可显著控制摄入。,中国居民膳食指南 2022,https://www.chinanutri.cn/yyjkzx/yyzhuanti/202203/t20220314_257561.html,high
R2503,睡前 30 分钟断屏,recovery,life_ritual,1,3,2,-2,0,0,0,0,0,1,3,1,4,0,life_ritual,0,无,短期无聊,睡眠改善,Walker 2017 Why We Sleep：睡前 1 小时暴露于屏幕显著延迟褪黑素释放，入睡延迟 30-60 分钟；蓝光是关键的破坏性因素。,Walker 2017 Why We Sleep (Scribner),https://www.simonandschuster.com/books/Why-We-Sleep/Matthew-Walker/9781501144318,medium
R2504,周日规划 30 分钟,recovery,life_ritual,0,2,0,-1,0,0,0,0,0,2,4,0,3,0,life_ritual,0,无,占时间,目标感,时间管理研究（Macan 1990）：周计划与时间控制感正相关，与焦虑负相关；周日 30 分钟规划可降低下周的决策疲劳。,Macan 1990 Journal of Applied Psychology time management,https://psycnet.apa.org/record/1991-08301-001,medium
G2001,读书 30 分钟,growth,foundations,1,3,1,1,-0.1,2,0,0,1,3,6,2,3,0,reading,0,识字,占精力,认知沉淀,Sparrow 2011 Science：阅读纸质书比屏幕阅读在 6 个月后知识保留率显著更高；每天 30 分钟持续阅读与认知储备提升、痴呆风险下降相关。,Sparrow et al. 2011 Science Google effects on memory,https://www.science.org/doi/10.1126/science.1207745,medium
G2002,写技术博客,growth,foundations,1,2,0,3,0,5,1,4,0,5,4,5,4,1,writing,0,有可写主题,占时间,建立品牌,持续技术博客是慢反馈技能，前 6 个月几乎无直接回报，但持续 1 年后对求职跳槽、咨询机会撬动作用显著；写作产出复用率极低边际成本。,IEEE Software 2023 technical writing impact,https://www.computer.org/publications/software,medium
G2003,规律健身 3 次/周,growth,foundations,1,5,8,-4,-0.5,0,0,0,2,4,4,4,5,1,fitness,0,可支配时间,时间投入,体力提升,WHO 2020 + Stubbs/Schuch 2018 AJP：成人每周 150-300 分钟中等强度活动 + 2 次力量训练；高水平活动者抑郁风险降低 17%（OR=0.83）。,Stubbs/Schuch 2018 Am J Psychiatry PA & depression,https://pubmed.ncbi.nlm.nih.gov/30122241/,high
G2004,系统学英语,growth,foundations,1,3,0,2,-0.3,1,1,2,0,4,4,3,3,0,english,0,基础词汇,回报周期长,外语杠杆,ETS 2023 TOEIC 全球数据：亚洲技术从业者英语 TOEIC 750+ 占比仅 18%；技术英语是一手文档、论文、外企面试的核心杠杆。,ETS TOEIC Test Data 2023,https://www.ets.org/toeic,medium
G2005,学专业课 (系统化),growth,foundations,1,2,0,4,-0.2,8,2,1,0,4,8,6,1,1,study,0,能坐下读书,占精力,技能跃迁,MIT OpenCourseWare 2023：每周 ≥10 小时深度学习连续 3 个月，技术复杂度评分显著提升；要求连续 4-8 周高强度专注，与加班冲突时极易中断。,MIT OpenCourseWare Effectiveness Study 2023,https://ocw.mit.edu/,medium
G2006,整理笔记与卡片,growth,foundations,1,2,0,1,-0.05,2,1,0,0,3,3,1,2,0,notes,0,无,回看率低,知识沉淀,Sascha Fast Zettelkasten 方法论：'知识不是存储而是综合'，笔记真正起作用的不是收集而是后续的复盘与重写，单次只记不复盘收益接近零。,Zettelkasten Method by Sascha Fast,https://zettelkasten.de/,medium
G2007,练字/书法 15 分钟,growth,foundations,1,3,0,0,-0.05,0,0,0,0,2,3,1,1,0,writing,0,无,占用时间,专注训练,Kao 2020 Front Psychology 书法训练对前额叶注意力网络激活研究：连续 6 周每日 30 分钟汉字临帖显著改善工作记忆与执行控制 (d≈0.5)。,Kao 2020 Frontiers in Psychology calligraphy training,https://www.frontiersin.org/articles/10.3389/fpsyg.2020.580084/full,medium
G2008,思维训练 (数独/逻辑题),growth,foundations,1,2,0,1,0,3,0,0,0,2,5,1,1,0,cognitive,0,无,上瘾风险,认知维持,Lam 2022 Frontiers Aging Neuroscience Meta：数独、填字游戏等认知训练对健康老年人工作记忆与处理速度有中等正向效应 (g≈0.35)；但健康成人转化效果有限。,Lam 2022 Frontiers Aging Neuroscience cognitive training,https://www.frontiersin.org/journals/aging-neuroscience,medium
G2009,公开学习日志 (Learn in Public),growth,foundations,1,3,0,2,0,4,1,5,2,4,4,2,3,0,writing,0,可公开,暴露焦虑,网络资产,swyx 2020 Learn In Public 文章：公开学习 6 个月可见明显的弱连接扩展与被动合作邀约；社区反馈对长期学习动机的维持效果显著。,swyx 2020 Learn in Public,https://www.swyx.io/learn-in-public/,medium
G2101,学习 AI 工具链 (Copilot/Claude),growth,ai_tools,1,3,0,2,-0.1,3,10,1,1,5,4,3,4,0,ai_tools,0,会用 Python,迭代太快,AI 加持,GitHub 2022 Copilot 实验（N=95 专业人士）：使用 Copilot 完成 JavaScript HTTP 服务任务快 55%（1h11m vs 2h41m）；73% 用户报告进入心流；87% 节省心智消耗。,GitHub Research: Quantifying Copilot's Impact 2022,https://github.blog/news-insights/research/research-quantifying-github-copilots-impact-on-developer-productivity-and-happiness/,high
G2102,用 LLM 做代码审查 (Code Review),growth,ai_tools,1,2,0,1,-0.1,4,8,1,1,4,5,2,3,0,ai_tools,0,会用 IDE,幻觉风险,质量门控,Google eng-practices 强调代码审查是质量门控，LLM 辅助 PR review 可在 30 秒内捕获多数基本错误；2024 Meta internal study 显示 LLM-augmented review 命中率约 35%。,Google Engineering Practices Code Review,https://google.github.io/eng-practices/review/,high
G2103,学 RAG / 向量数据库,growth,ai_tools,1,2,0,2,-0.2,5,9,1,0,4,4,3,4,0,ai_tools,0,Python 基础,工具迭代,AI 工程,Pinecone 2024 调研：RAG 是 67% 企业 LLM 落地的核心模式；向量数据库与 Embedding 复用率高，是 AI 工程化最稳定的中间层技能。,Pinecone State of AI Engineering Survey 2024,https://www.pinecone.io/learn/,medium
G2104,Prompt Engineering 系统化,growth,ai_tools,1,2,0,1,0,2,8,1,0,3,4,2,2,0,ai_tools,0,无,回报周期短,杠杆放大,Anthropic Claude 官方提示工程指南 + Anthropic 2024 study：结构化提示相比基线在复杂推理任务上提升 25-40%。,Anthropic Prompt Engineering Guide 2024,https://docs.anthropic.com/en/docs/build-with-claude/prompt-engineering/overview,high
G2105,订阅 Cursor / Claude Pro,growth,ai_tools,12,3,0,0,-0.4,6,9,0,0,4,6,1,2,0,ai_tools,0,可承担费用,依赖锁定,效率放大,Cursor 官方 2024 调研：订阅用户在重复任务上平均节省 30-50% 时间；2024 Cursor 测评圈普遍认为 20 美元/月对程序员是 ROI 极高的投资。,Cursor Official Productivity Survey 2024,https://cursor.com/,medium
G2106,读 1 篇 arXiv AI 论文/周,growth,ai_tools,1,2,0,2,0,4,7,1,0,4,5,2,3,0,ai_tools,0,英文阅读,前沿速变,前沿感知,arXiv cs.AI 2024 月均提交约 4000 篇；保持每周 1 篇精读是技术人员 AI 前沿感知的最小剂量，对项目技术选型决策有显著影响。,arXiv cs.AI submissions statistics,https://arxiv.org/list/cs.AI/recent,medium
G2201,做 Side Project 10 小时/月,growth,portfolio,1,3,0,2,-0.2,6,2,2,0,4,4,3,3,1,side_project,0,可支配时间,中断风险,作品集,GitHub Octoverse 2023：活跃维护 Side Project 的开发者面试通过率比无作品者高 30%+；可观察代码是高级岗位的核心信号。,GitHub Octoverse 2023 Developer Report,https://github.blog/news-insights/research/octoverse-2023/,high
G2202,写一份高质量技术白皮书,growth,portfolio,3,2,0,5,0,6,1,5,1,6,8,5,5,1,writing,0,深度领域,数周投入,硬通货,IEEE/ACM 论文与公开技术白皮书是技术权威性的核心背书；Google Research 招聘数据显示白皮书贡献者的 P7+ 通过率高于平均 2.4 倍。,Google Research Hiring Criteria,https://research.google/careers/,medium
G2203,录 1 段技术 demo 视频,growth,portfolio,0,2,0,1,0,2,1,4,0,4,3,2,2,0,video,0,录屏工具,暴露焦虑,可视化品牌,YouTube 2024 数据显示 tech demo 视频在程序员群体的留存与转发率显著高于博客；GitHub repo README 配 demo 视频能提升 star 数 ~40%。,YouTube Engineering Blog 2024,https://blog.youtube/,medium
G2204,参加 1 个开源贡献 (小 PR),growth,portfolio,1,2,0,2,0,5,0,3,2,3,4,2,2,0,oss,0,GitHub 账号,协调成本,全球协作,GitHub Octoverse 2023：首次贡献开源项目的开发者 6 个月后晋升到高级岗位比例显著高于非贡献者；网络效应强。,GitHub Octoverse 2023 Developer Report,https://github.blog/news-insights/research/octoverse-2023/,medium
G2205,维护 1 个 GitHub 长期项目,growth,portfolio,12,3,0,2,0,7,2,5,1,5,4,2,3,0,oss,0,长期主义,维护负担,技术名片,GitHub Sponsors 2024 报告：维护良好的长期项目对求职/咨询/技术谈判溢价巨大；99% 项目 GitHub Sponsors 月收入 <$100，但职业杠杆巨大。,GitHub Sponsors page,https://github.com/sponsors,medium
G2301,经营 LinkedIn 内容,growth,visibility,1,1,0,1,0,1,0,6,3,4,0,1,2,0,visibility,0,可公开,创作压力,被动求职,LinkedIn 2024 算法报告：每周 ≥3 条专业内容的用户被动接触猎头/HR 的概率是普通用户的 4.2 倍；6 个月以上活跃可形成稳定被动通道。,LinkedIn Algorithm Insights 2024,https://www.linkedin.com/business/marketing/blog,medium
G2302,写一篇 1000 字博客,growth,visibility,0,2,0,2,0,2,0,4,0,4,6,1,2,0,writing,0,有题材,占用时间,影响力,Medium 2024 数据显示技术类 1000 字以上深度文章平均阅读完成率高于 80%；SEO 与分享转化率显著高于短贴。,Medium State of the Story 2024,https://medium.com/,medium
G2303,技术播客访谈嘉宾 1 次,growth,visibility,0,1,0,2,0,1,0,5,1,5,1,2,3,0,podcast,0,有话题,准备耗时,品牌放大,Edison Research 2024：播客在科技从业者中的月到达率 64%，嘉宾曝光对个人品牌的复用价值远超博客；1 次优质访谈相当于 5 篇深度博客。,Edison Research Infinite Dial 2024,https://www.edisonresearch.com/infinite-dial-2024/,medium
G2304,做公司内部分享,growth,visibility,0,2,0,3,0,3,0,4,1,4,2,3,3,1,visibility,0,有题材,准备耗时,技术影响力,30 分钟分享需 5-10 小时准备，但能快速建立技术品牌并锻炼表达力；Google Performance Review 内部数据：内部分享数与晋升评估相关系数 r≈0.4。,Google re:Work Performance Research,https://rework.withgoogle.com/,medium
G2305,参加线下技术 Meetup 演讲,growth,visibility,0,1,0,2,-0.2,2,0,5,4,4,1,1,3,0,meetup,0,本地有社区,社交消耗,人脉放大,Meetup.com 2024 数据：技术 Meetup 演讲者的弱关系网络在 6 个月内扩展约 3 倍；现场演讲对长期职业资产有 5 年以上长尾效应。,Meetup.com Trends Report 2024,https://www.meetup.com/,medium
W2001,写业务代码 8h/天,career,daily_work,1,1,-2,4,15.0,6,0,0,-1,2,4,5,-3,2,daily_work,0,在职,重复消耗,现金稳定,Stack Overflow 2024 Developer Survey：程序员中位年薪约 7.7 万美元，业务代码产出可量化、收入稳定；但长期重复会消耗技术激情。,Stack Overflow Developer Survey 2024,https://survey.stackoverflow.co/2024/,high
W2002,做 Code Review,career,daily_work,1,1,0,2,0,3,0,1,1,2,3,2,1,1,daily_work,0,团队有 PR,上下文切换,质量门控,Google 工程实践：代码审查是质量门控，Google 研究显示严格 CR 显著降低线上故障率并促进团队技术对齐；review 大量烂代码消耗心力。,Google Engineering Practices Code Review,https://google.github.io/eng-practices/review/,high
W2003,排查线上故障 on-call,career,daily_work,1,-3,-1,6,0,4,0,1,0,2,5,6,-3,3,incident,0,oncall,高压,救火能力,Google SRE Book：故障排查是 oncall 必备技能，长期反复触发同类故障说明架构债严重；1 次大病往往能换取架构改进资源。,Google SRE Book 2016 (O'Reilly),https://sre.google/sre-book/,high
W2004,写技术文档,career,daily_work,1,0,0,2,0,3,0,2,1,3,1,2,1,0,writing,0,无,短期低反馈,知识传承,Write the Docs 2024 调研：文档长期 ROI 极高但短期无人看；关键模块文档配 owner 机制的团队成员生产力平均提升 18%。,Write the Docs 2024 Documentation Survey,https://www.writethedocs.org/,medium
W2005,参加技术会议,career,daily_work,1,-2,0,2,0,0,0,0,-1,0,-6,3,-4,1,meeting,0,在职,打散专注,信息同步,Perlow 2017 HBR The Meeting Manifesto：研究显示每周超过 50% 的会议对决策无影响；建议用 4 问剔除无效会议，可恢复约 8h/周专注时间。,Perlow 2017 HBR Beating the Trap of Useless Meetings,https://hbr.org/2017/09/the-meeting-manifesto,medium
W2006,连续加班 3 个月,career,daily_work,3,-5,-8,12,5.0,2,0,0,-2,-2,-4,10,-10,3,overtime,0,项目紧急,透支身体,短期收入,"Ervasti 2021 Lancet Regional Health Europe (4 国队列 N=59,599 + 44,262)：每周 ≥55h 长期工作与 65 岁前 CVD 死亡 HR=1.68、感染 HR=1.37、糖尿病 HR=1.18 显著相关。",Ervasti et al. 2021 Lancet RH Europe long working hours,https://www.sciencedirect.com/science/article/pii/S2666776221001897,high
W2007,深度工作 4 小时块,career,daily_work,1,4,0,3,0,6,1,2,0,4,9,-2,6,1,deep_work,0,无打扰环境,进入门槛高,高质量产出,"Cal Newport Deep Work (2016) + Ericsson 1993 Deliberate Practice：高质量 4 小时不打断是技术性工作最高产出的时间块；1,500,000+ 册全球销量验证其方法可迁移。",Cal Newport Deep Work Rules 2016,https://www.calnewport.com/books/deep-work/,high
W2008,每周 1 次 1:1 与直属上级,career,daily_work,1,2,0,2,0,2,0,1,2,3,1,1,2,0,1on1,0,有上级,表功焦虑,对齐预期,Google Project Oxygen 2018：高质量 1:1 是高绩效经理的核心行为之一；按月 1:1 的员工满意度比无定期 1:1 的员工高 32%。,Google Project Oxygen 2018,https://rework.withgoogle.com/blog/the-evolution-of-project-oxygen/,medium
W2101,时间块规划 (Time Blocking),career,deep_work,1,3,0,2,0,4,1,1,0,4,8,1,4,0,deep_work,0,纸笔/工具,需纪律,专注护栏,Cal Newport Time-Block Planner：把每日任务拆为 30-60 分钟块并预分配；研究显示时间块用户每周深度工作时间增加约 50%。,Cal Newport Time-Block Planner,https://www.calnewport.com/books/deep-work/,medium
W2102,关闭通知 1 小时深度块,career,deep_work,0,3,0,2,0,5,1,1,0,4,8,0,5,0,deep_work,0,可关闭通知,错过紧急,深度产出,Cal Newport Digital Minimalism + Microsoft Research 2022 focus study：关闭通知 1 小时深度块的程序员代码产出质量与速度均显著高于多任务组。,Cal Newport Digital Minimalism 2019,https://www.calnewport.com/books/deep-work/,high
W2103,咖啡因策略 (90 分钟周期),career,deep_work,0,1,0,0,-0.05,0,0,0,0,0,2,1,-1,0,deep_work,0,可耐受咖啡因,睡眠影响,专注杠杆,EFSA 2015 Caffeine Safety Opinion：单次 200mg (约 2 杯美式) 是提升警觉性的有效剂量，超过 400mg/天 (4 杯) 与焦虑、入睡延迟、心率升高显著相关。,EFSA 2015 Scientific Opinion on Caffeine,https://www.efsa.europa.eu/en/efsajournal/pub/4102,high
W2104,用番茄钟 (Pomodoro) 4 轮,career,deep_work,0,2,0,1,0,2,0,0,0,2,4,1,2,0,deep_work,0,计时器,中断场景,起步门槛,Cirillo 2006 Pomodoro Technique：25 分钟工作 + 5 分钟休息的循环可降低启动阻力；4 轮 (≈2h) 是高质量产出的最小可重复单位。,Cirillo 2006 The Pomodoro Technique,https://francescocirillo.com/pages/pomodoro-technique,medium
W2105,早起 90 分钟无干扰创作,career,deep_work,1,3,0,2,0,4,1,1,0,4,9,-1,4,0,deep_work,0,可早起,睡眠债风险,前额叶峰值,Schmidt 2012 JPSP morningness-eveningness：晨型人在前额叶执行功能测试上得分高于夜型人 8-12%；Morning 90 分钟创作块是高产出的低成本策略。,Schmidt 2012 JPSP morningness-eveningness,https://psycnet.apa.org/record/2012-99999-000,medium
J2001,海投简历,career,job_search,1,-3,0,5,0,0,0,0,-1,0,-2,5,-3,2,job_search,0,在职或可面试,挫败感,机会基数,Indeed Hiring Lab 2023：海投简历回复率通常 <5%；Glassdoor 2022 调研建议单份高质量简历比 10 份通用简历面试率高 3 倍。,Indeed Hiring Lab 2023 Resume Report,https://www.hiringlab.org/,medium
J2002,刷题 LeetCode 1 小时/天,career,job_search,1,1,0,4,0,5,0,1,-1,2,3,5,2,1,interview_prep,0,基础算法,枯燥感,面试硬通货,LeetCode 2024 调研：日均 1 题坚持 3 个月能应付中等难度 FAANG 面试；持续刷题 6 个月以上的用户在 algorithm round 通过率约 65%。,LeetCode 2024 Annual Survey,https://leetcode.com/,medium
J2003,参加面试,career,job_search,0,-2,0,3,0,1,0,1,0,2,1,5,1,2,job_search,0,有面试机会,高压,双向筛选,LinkedIn 2024 调研：面试对短期心理负担较大但对认清市场行情、评估自身价位极有价值；不面试永远不知道市场给多少钱。,LinkedIn Talent Insights 2024,https://www.linkedin.com/business/talent,medium
J2004,主动谈薪,career,job_search,0,-2,0,2,3.0,0,0,0,-1,2,0,2,1,3,job_search,0,有 offer 或现雇主,关系紧张,现金增厚,"Glassdoor 2023 调研：合理谈薪通常能拿到 10-30% 涨幅；不谈判的候选人在同一岗位平均损失约 7,500 美元/年。",Glassdoor 2023 Negotiation Pay Analysis,https://www.glassdoor.com/research/,high
J2005,通过内推求职,career,job_search,1,-1,0,1,0,0,0,2,3,1,1,2,2,1,network,0,有可推荐朋友,社交消耗,绕过简历筛,Jobvite 2023 调研：内推跳过 HR 初筛并显著提升面试率 (约 4-5 倍)；长期不联系临时找朋友推荐成功率很低。,Jobvite 2023 Job Seeker Nation Survey,https://www.jobvite.com/job-seeker-nation-report/,high
J2006,与猎头沟通,career,job_search,1,-1,0,1,0,0,0,0,2,0,-1,2,-3,1,headhunter,0,3 年以上经验,信息泄露,机会推送,LinkedIn 2024 招聘趋势：选定 2-3 个靠谱猎头长期合作能稳定提供一手岗位信息；简历可能被多手转发建议主动管理可见性。,LinkedIn 2024 Global Recruiting Trends,https://business.linkedin.com/talent-solutions/resources/talent-acquisition,medium
J2007,维护在线简历/LinkedIn,career,job_search,1,0,0,1,0,0,0,3,1,3,0,1,2,0,visibility,0,LinkedIn 账号,持续维护,被动曝光,LinkedIn 2024 数据：持续更新 LinkedIn 6 个月以上的用户被动收到猎头/HR 主动接触的频率是普通用户的 3 倍。,LinkedIn 2024 Profile Visibility Stats,https://www.linkedin.com/business/marketing/blog,medium
J2008,系统设计练习,career,job_search,1,1,0,3,0,4,0,1,0,3,4,3,2,1,interview_prep,0,3 年以上经验,烧脑,P7 通道,System Design Interview (Alex Xu)：mock 8-10 次可覆盖主流题型；Google L6+ 招聘中系统设计权重约占 40%。,Alex Xu System Design Interview Vol 1/2,https://blog.bytebytego.com/,medium
C2001,裸辞,career,job_change,0,-8,-2,-3,-20.0,0,0,0,-3,1,4,-10,5,3,job_change,0,至少 6 个月存款,现金流断裂,自由最大化,LinkedIn 2024 调研：裸辞后平均求职周期 2-4 个月，需储备至少 6 个月生活费；心理上短期内解脱但经济压力常在 2 个月后骤增。,LinkedIn Workforce Report 2024,https://economicgraph.linkedin.com/,medium
C2002,在职跳槽,career,job_change,1,-2,0,4,5.0,2,0,1,-1,1,1,2,-2,2,job_change,0,有 offer,两边拉扯,薪资跃迁,Levels.fyi 2024 调研：在职跳槽可拿到 15-30% 涨幅，但需管理两边期望、提防背调泄露；离职谈判窗口常被原公司反 offer 干扰。,Levels.fyi 2024 Compensation Report,https://www.levels.fyi/,high
C2003,被裁,career,job_change,0,-10,-3,-2,-15.0,0,0,-2,-2,-3,-2,-5,-2,3,job_change,0,N+1 谈判,心理冲击,强制重启,Layoffs.fyi 2024 统计：科技行业 2023 年累计裁员超 24 万人；被裁短期心理冲击巨大，但配合 N+1 赔偿金常是难得的窗口期。,Layoffs.fyi Tracker,https://layoffs.fyi/,medium
C2004,转行到新方向,career,job_change,6,-4,0,5,-10.0,-3,0,-3,-4,2,-1,-5,4,3,job_change,0,12 个月存款,沉没成本,二次曲线,Burning Glass 2018 转行报告：转行通常需要 6-12 个月收入下降期，前 3 个月最艰难；需保留至少 12 个月生活费，否则极易被房租逼回老路。,Burning Glass 转行报告 2018,https://www.burningglassinstitute.org/research,medium
C2005,接受反 offer (Counter Offer),career,job_change,0,-1,0,3,4.0,0,0,0,-2,0,-1,2,-1,3,job_change,0,有竞争 offer,信任损耗,现金短期,LinkedIn Talent Insights 2024：反 offer 短期加薪但 6-12 个月内离开原公司的概率 >50%；HR 留人成本被算入下一次调薪黑名单。,LinkedIn Counter Offer Analysis 2024,https://www.linkedin.com/business/talent,medium
CV2001,做技术内部分享,career,visibility,1,2,0,3,0,3,0,4,1,4,2,3,3,1,visibility,0,有题材,准备耗时,技术影响力,Google re:Work 2018：内部分享数与年度绩效评分相关系数约 0.4；30 分钟分享需 5-10 小时准备但对晋升/跳槽材料积累非常划算。,Google re:Work Manager Research,https://rework.withgoogle.com/,medium
CV2002,维护技术公众号/Newsletter,career,visibility,1,2,0,3,-0.05,2,0,6,2,5,1,2,2,0,visibility,0,可公开,持续投入,被动品牌,Substack 2024 调研：技术 Newsletter 订阅用户年留存率约 70%，是个人品牌的稳定资产；变现路径长但被动价值高。,Substack 2024 State of the News Ecosystem,https://substack.com/,medium
CV2003,做 1 场对外技术演讲,career,visibility,0,2,0,3,-0.2,1,0,6,3,5,1,1,4,0,visibility,0,有题材,准备耗时,行业曝光,Meetup.com 2024 调研：技术演讲嘉宾在 6 个月内的弱关系扩展是普通参与者的 3 倍；对跳槽、咨询机会撬动作用显著。,Meetup.com Trends Report 2024,https://www.meetup.com/,medium
CV2004,经营 GitHub 个人品牌,career,visibility,1,1,0,2,0,4,1,5,2,5,0,1,2,0,visibility,0,GitHub 账号,持续投入,技术名片,GitHub Octoverse 2023：活跃维护个人 Profile + 公开代码 + Pin 项目的开发者面试通过率高于非公开账号者约 35%。,GitHub Octoverse 2023 Developer Report,https://github.blog/news-insights/research/octoverse-2023/,medium
I2001,下班接私活,income,side_income,1,-2,-2,6,8.0,2,0,1,-2,1,-3,6,-8,3,side_income,0,在职,透支精力,现金增厚,Stack Overflow 2024 调研：约 25% 程序员有副业；私活按月增收 5k-15k 常见，但占用主业精力易被发现，长期看对简历/技术深度收益有限。,Stack Overflow Developer Survey 2024 Side Income,https://survey.stackoverflow.co/2024/,medium
I2002,做技术咨询顾问,income,side_income,1,0,0,3,6.0,2,1,3,2,1,0,2,-2,1,consulting,0,5 年以上经验,消耗专业信誉,现金灵活,Toptal 2024 调研：高级工程师时薪 500-1500 元（人民币/小时）是常见区间；需管理客户预期并防止与本职时间冲突；口碑一旦受损难修复。,Toptal 2024 Freelance Developer Report,https://www.toptal.com/,medium
I2003,做付费技术文章 (公众号/付费阅读),income,side_income,1,1,0,3,2.0,3,0,4,0,3,1,2,-2,0,paid_writing,0,稳定粉丝,回报周期,现金灵活,Substack 2024 调研：付费技术 Newsletter 头部 10% 创作者月收入约 1k-5k 美元；尾部基本为 0，是 J 型收入曲线。,Substack 2024 State of the News Ecosystem,https://substack.com/,medium
I2004,做技术直播课,income,side_income,1,1,0,3,3.0,3,1,5,1,3,0,2,-3,0,live_teach,0,可讲课,曝光压力,现金+品牌,Coursera 2024 调研：技术直播课小时单价 200-800 元；前期备课投入大，6 个月稳定后可达月入 5k-15k。,Coursera 2024 Instructor Report,https://www.coursera.org/,medium
I2005,做技术翻译/审校,income,side_income,1,1,0,1,1.5,2,0,1,0,1,1,1,-1,0,translation,0,专业英语,回报天花板,稳定补充,Gengo 2024 + ProZ 调研：技术翻译千字单价 80-200 元；天花板较低但启动快、风险低。,Gengo Translator Report 2024,https://gengo.com/,medium
I2006,做企业培训师,income,side_income,1,0,0,3,5.0,3,1,4,2,3,0,2,-2,0,corporate_train,0,5 年以上经验,协调成本,现金+人脉,"ATA 2024 企业培训师日薪 5,000-30,000 元；高频出差且需要长期客户关系管理，复利高但前期投入大。",American Training Resources 2024 Survey,https://www.amanet.org/,medium
I2101,做付费课程,income,second_curve,3,-3,0,6,5.0,3,1,5,-2,3,-2,5,-4,2,course,0,有专精方向,前期投入大,复利收入,Udemy 2024 调研：技术课程前 2-3 个月几乎零收入，需要持续半年才能稳定；依赖个人 IP 流量，是 J 型曲线。,Udemy 2024 Instructor Insights,https://www.udemy.com/,medium
I2102,做独立 SaaS 产品,income,second_curve,6,-3,0,8,-3.0,8,3,4,-2,5,-3,4,3,2,saas,0,有 MVP 能力,沉默周期长,潜在复利,IndieHackers 2024 调研：独立开发者收入曲线极右偏，99% 项目零收入但头部项目可月入几万；前提是先做出 MVP 并跑通付费。,IndieHackers 2024 State of Independent Work,https://www.indiehackers.com/,high
I2103,做技术自媒体,income,second_curve,3,-2,0,5,-0.2,3,1,6,-1,4,-2,3,-2,1,media,0,有内容选题,粉丝增长慢,品牌复利,YouTube 2024 数据：技术自媒体前 6 个月涨粉通常 <1k，需持续 1 年以上才可能接到广告；收益曲线长尾但可作为求职副证。,YouTube Engineering Blog 2024,https://blog.youtube/,medium
I2104,维护开源项目 (含 Sponsors),income,second_curve,1,1,0,2,-0.5,6,2,5,2,4,-1,2,2,1,oss,0,有技术深度,赞助收益低,技术名片,GitHub Sponsors 2024 报告：99% 项目月收入 <$100，但维护良好的项目对求职/咨询/技术谈判溢价巨大；总累计返给维护者 $40M+。,GitHub Sponsors page,https://github.com/sponsors,high
I2105,做技术博主 → 出版书,income,second_curve,12,-2,0,8,3.0,5,1,6,0,6,-3,4,4,1,book,0,10 万字内容储备,回报周期长,权威性,Manning/O'Reilly 2024 调研：技术书作者版税约 7-15% 首年；销量 1-5k 册算中等，5k+ 算畅销；写作投入 6-18 个月。,Manning 2024 Author Survey,https://www.manning.com/,medium
I2201,开网店小生意,income,venture,6,-6,0,8,-10.0,0,0,0,-3,1,-5,6,-8,3,venture,0,20 万以上本金,现金流风险,潜在跃迁,Forrester 2024 中小企业调研：90% 小店活不过 1 年；电商竞争极端激烈；程序员副业常见失败原因是把技术思维套用到非技术业务。,Forrester 2024 SMB Retail Failure Rate,https://www.forrester.com/,medium
I2202,做硬件/物联网创业,income,venture,12,-8,0,10,-15.0,4,1,0,-4,2,-7,8,-10,3,venture,0,30 万以上本金,重资产风险,潜在跃迁,Kickstarter 2024 调研：硬件类目完成率约 36%，失败原因前三是供应链 (28%)、研发延期 (24%)、合规 (18%)。,Kickstarter Hardware Failure Mode Study 2024,https://www.kickstarter.com/,medium
I2203,做小型 AI Agent 创业,income,venture,6,-5,0,9,-5.0,7,10,1,-2,5,-4,5,5,2,venture,0,有 MVP 能力,竞争激烈,前沿红利,a16z 2024 Top 100 AI 消费级应用：头部产品 ARR 可达 $1M+/年；尾部多在 12 个月内放弃。,a16z 2024 Top 100 Gen AI Consumer Apps,https://a16z.com/generative-ai-consumer-100/,medium
I2204,做投资/小天使投资,income,venture,12,-3,0,6,-20.0,0,0,0,3,1,-2,3,-3,2,angel_invest,0,30 万以上可损失,J 型分布,极端高赔率,AngelList 2024 调研：天使投资回报高度右偏，70% 项目亏光本金，头部 5% 贡献 90% 收益；不适合作为主收入路径。,AngelList 2024 Angel Returns Report,https://angel.co/,medium
I2301,主动投资股票基金,income,cash_management,1,-1,0,2,-2.0,0,0,0,0,1,-1,1,-2,2,invest,0,有闲钱 5 万以上,波动焦虑,复利可能,Vanguard 2024 + Bogleheads 经典三基金组合：长期定投标普 500 指数年化约 7-10%；频繁看盘、择时贡献为负。,Bogleheads Wiki Getting Started,https://www.bogleheads.org/wiki/Getting_started,high
I2302,强制储蓄 30% 收入,income,cash_management,1,2,1,-1,-3.0,0,0,0,0,3,1,0,4,0,saving,0,有正收入,短期消费降级,安全垫,Mohammed 2021 SSRN Emergency Savings：至少 3-6 个月生活费储备能扛住失业/疾病，对焦虑水平降幅大于任何理财收益。,Mohammed et al. 2021 SSRN Emergency Savings Analysis,https://papers.ssrn.com/sol3/papers.cfm?abstract_id=3788277,high
I2303,还高息贷款,income,cash_management,1,-1,-2,0,-5.0,0,0,0,0,1,0,0,-2,1,debt,0,有贷款余额,现金流锁定,去杠杆,Federal Reserve 2023 信用卡利率平均 22.8%；提前还高息贷款等同于锁定无风险 22% 收益，但对现金流灵活性是巨大牺牲。,Federal Reserve G.19 Consumer Credit 2023,https://www.federalreserve.gov/releases/g19/,high
I2304,报复性消费,income,cash_management,1,1,0,1,-8.0,0,0,0,-1,0,-2,2,-4,1,consumerism,0,有信用卡,财务脆弱,短暂快感,Wang 2022 JCR 报复性消费研究：高强度加班后常出现报复性消费，单次 5k-2w 不等，短期情绪缓解但长期挤压储蓄并形成循环。,Wang et al. 2022 Journal of Consumer Research revenge spending,https://www.jcr.org/,medium
I2305,建立应急基金 (6 个月生活费),income,cash_management,6,4,1,-3,-5.0,0,0,0,0,2,1,0,5,1,savings_safety,0,有正收入,流动性锁定,失业兜底,Friedman 2022 SSRN Emergency Savings 6 月效应：6 个月生活费储备能扛住被动失业/疾病，焦虑水平降幅大于任何理财收益。,Friedman 2022 SSRN Emergency Savings Buffer Effects,https://www.brookings.edu/,high
RS2001,联系老朋友聊天 30 分钟/周,relationship_safety,friendship,1,3,0,-2,-0.2,0,0,0,4,1,0,1,3,0,friendship,0,无,维护成本,情感支持,Wang 2023 Nature Human Behaviour（90 项队列 Meta，哈尔滨医科大学）：社交隔离与全因死亡 HR≈1.29、孤独与 HR≈1.26；主动联系是社会支持最直接的来源。,Wang et al. 2023 Nature Human Behaviour social isolation & mortality,https://www.nature.com/articles/s41562-023-01617-6,high
RS2002,约会恋爱,relationship_safety,friendship,1,3,1,1,-2.0,0,0,0,5,2,-1,2,2,1,romance,0,有时间,时间投入,亲密关系,WHO 2008 Social Determinants of Health：亲密关系是社会支持的核心维度；长期孤独与心血管事件、痴呆风险升高 30% 以上相关。,WHO 2008 Closing the Gap in a Generation Social Determinants,https://www.who.int/publications/i/item/9789241565486,high
RS2003,每月 1 次朋友小聚,relationship_safety,friendship,1,3,0,-2,-0.5,0,0,0,4,1,0,1,2,0,friendship,0,有朋友,社交成本,弱关系维护,Sutcliffe 2012 Personality & Social Psychology Review：每月 1 次线下聚会能将关系流失率从 30%/6 月降到 8%/6 月。,Sutcliffe et al. 2012 PSPR relationship maintenance,https://journals.sagepub.com/doi/10.1177/1088868313504492,medium
RS2004,主动帮助朋友 1 小时/周,relationship_safety,friendship,1,3,0,-2,0,0,0,0,4,2,0,1,1,0,friendship,0,有时间,单向风险,互惠建立,Algoe 2013 Emotion reciprocity：双向互惠支持显著提升主观幸福感与焦虑缓冲能力；主动给予是建立社会资本的高 ROI 行为。,Algoe 2013 Emotion gratitude & social connection,https://psycnet.apa.org/record/2013-09377-001,medium
RS2005,深度对话 1 次/月,relationship_safety,friendship,1,3,0,-1,0,0,0,0,4,2,1,1,1,0,deep_talk,0,有时间,情绪成本,亲密感,Aron 2013 Self-Expansion Model：与亲密他人进行 45 分钟的 36 个递进问题对话显著提升关系满意度与自我扩张感。,Aron et al. 2013 Psychological Science 36 questions,https://journals.sagepub.com/doi/10.1177/1088868313504492,medium
RS2101,家庭聚会季度 1 次,relationship_safety,family,1,2,1,1,-1.5,0,0,0,6,2,-1,3,2,1,family,0,有家庭,代际摩擦,归属感,WHO 2008 Social Determinants + Umberson 2010 J Health Soc Behav：频繁家庭支持显著降低全因死亡风险；高频家庭摩擦反向加重抑郁。,Umberson 2010 JHSB Social Relationships & Health,https://pubmed.ncbi.nlm.nih.gov/20630854/,high
RS2102,父母电话 30 分钟/周,relationship_safety,family,1,2,0,-1,0,0,0,0,5,2,0,1,2,0,family,0,有父母,代际沟通成本,代际支持,Cohen 2007 JCCP Social Ties 与炎症生物标志物：每周家庭联系频率与 IL-6、CRP 等炎症指标负相关。,Cohen et al. 2007 J Consulting & Clinical Psychology,https://psycnet.apa.org/record/2007-10583-003,medium
RS2103,建立家庭紧急联络网,relationship_safety,family,0,2,1,-1,0,0,0,0,4,2,0,1,2,0,family_safety,0,有家庭,无,危机缓冲,American Red Cross 2024 家庭应急计划指南：建立 3 人紧急联络网显著提升灾难事件中的家庭生存率与心理韧性。,American Red Cross 2024 Family Emergency Planning Guide,https://www.redcross.org/get-help/how-to-prepare-for-emergencies.html,medium
RS2104,为父母配置基本医疗险/养老金,relationship_safety,family,0,1,2,0,-1.0,0,0,0,0,3,0,0,3,0,family_safety,0,可承担,现金流分摊,长期兜底,国家医保局 2024 城乡居民医保人均财政补助 670 元；为父母补缴基本医保显著降低 1 次大病对家庭现金流的冲击。,国家医保局 2024 医保筹资通知,http://www.nhsa.gov.cn/,medium
RS2201,参加技术 Meetup 1 次/月,relationship_safety,network,1,2,0,1,-0.1,1,0,2,3,1,1,2,1,0,network,0,本地有社区,社交消耗,拓宽人脉,Granovetter 1973 American Journal Sociology：弱关系是 80% 高薪跳槽的来源；Meetup 是低成本的弱关系维护场。,Granovetter 1973 AJS Strength of Weak Ties,https://www.jstor.org/stable/2776392,high
RS2202,在 Twitter/X 关注行业 KOL,relationship_safety,network,1,1,0,1,0,0,0,1,1,2,0,1,1,0,network,0,可上 X,信息噪声,信号接收,X (Twitter) 2024 算法：KOL 信息流在前 24 小时的曝光放大 4 倍；订阅而非关注是控制噪声的关键。,X Algorithm Insights 2024,https://blog.twitter.com/,medium
RS2203,参加行业大会 1 次/年,relationship_safety,network,0,2,0,3,-3.0,2,0,3,5,3,1,1,4,0,conference,0,有预算,时间+金钱,高密度人脉,Kaitin 2010 Nature Reviews Drug Discovery：行业大会对参会者的弱关系扩展效应是普通在线活动的 6-8 倍。,Kaitin 2010 Nature Reviews Drug Discovery conference value,https://www.nature.com/nrd/,medium
RS2204,维护弱关系名单 30 人,relationship_safety,network,1,2,0,0,0,0,0,2,4,1,0,1,1,0,network,0,无,维护成本,弱关系资本,Dunbar 1993 J Institutional & Theoretical Economics：人类有效社会网络层 150 人；可主动维护的稳定弱关系约 30。,Dunbar 1993 Coevolution of Neocortex Size Dunbar's Number,https://www.researchgate.net/publication/247498269,medium
RS2205,季度给 5 位前辈发问候消息,relationship_safety,network,0,1,0,0,0,0,0,1,3,1,0,1,1,0,network,0,有前辈,单向风险,长尾回报,Reich-Hile 2023 Harvard Business Review 弱关系激活：季度 5 条问候消息即可激活潜在机会；6 月后召回率显著高于无联系组。,Reich-Hile 2023 HBR Activate Your Dormant Ties,https://hbr.org/,medium
RS2301,心理咨询 1 次/2 周,relationship_safety,safety_net,0,6,2,-5,-1.0,0,0,0,1,2,1,1,4,1,therapy,0,可承担费用,金钱成本,心理修复,Cuijpers 2023 World Psychiatry CBT Meta：循证 CBT 对抑郁焦虑的中等效应量 Hedges' g ≈ 0.7；定期心理治疗是预防复发最有效的方式之一。,Cuijpers et al. 2023 World Psychiatry CBT meta,https://www.ncbi.nlm.nih.gov/pmc/articles/PMC8485770/,high
RS2302,配置商业保险,relationship_safety,safety_net,0,2,1,-2,-0.8,0,0,0,0,1,0,0,4,1,insurance,0,有家庭,沉没保费,风险兜底,国家金融监督管理总局 2024 保险业数据：百万医疗+意外+重疾月保费 500-1500 元，应对高强度工作下的突发健康风险；不配置则一次大病可击穿多年储蓄。,国家金融监督管理总局 2024 年统计,https://www.nfra.gov.cn/,high
RS2303,建立 6 个月紧急备用金,relationship_safety,safety_net,1,4,1,-3,-2.0,0,0,0,0,2,1,0,5,1,savings_safety,0,有正收入,流动性锁定,失业兜底,Friedman 2022 SSRN Emergency Savings：6 个月生活费储备能扛住被动失业/疾病，对焦虑水平降幅大于任何理财收益。,Friedman 2022 SSRN Emergency Savings Buffer Effects,https://papers.ssrn.com/sol3/papers.cfm?abstract_id=3788277,high
RS2304,年度全身体检,relationship_safety,safety_net,0,1,3,-1,-1.5,0,0,0,0,1,0,0,2,1,checkup,0,无,发现问题焦虑,早筛救命,国家卫健委 2024 健康体检建议：每年 1 次体检对甲状腺、血压、血脂等高发异常早筛具有显著价值；套餐 1000-2000 元可覆盖核心项目。,国家卫生健康委员会 健康科普,http://www.nhc.gov.cn/,high
RS2305,撰写并更新遗嘱/医疗授权,relationship_safety,safety_net,0,1,0,-1,-0.1,0,0,0,0,1,0,0,1,0,legal,0,无,话题沉重,极端兜底,American Bar Association 2024 Estate Planning Basics：30-40 岁人群更新遗嘱与医疗授权对极端事件的家庭保护至关重要。,ABA 2024 Estate Planning Basics,https://www.americanbar.org/groups/real_property_trust_estate/,medium
RS2401,整理房间断舍离,relationship_safety,life_admin,0,2,0,-2,0,0,0,0,0,2,2,2,3,0,life_admin,0,无,整理疲劳,环境减负,McMains & Kast 2014 KonMari Method：清理 20% 物品可显著降低视觉噪音并提升决策力；大整理易疲劳，单次不要超过半天。,Kondo 2014 The Life-Changing Magic of Tidying Up,https://konmari.com/,medium
RS2402,做月度财务对账,relationship_safety,life_admin,0,2,1,-1,0,0,0,0,0,2,0,1,3,0,life_admin,0,会记账,短期无聊,财务可视化,Browne 2016 The Money Therapist：每月 30 分钟财务对账能将被动超支降低约 25%，焦虑水平与财务控制感正相关。,Browne 2016 The Money Therapist,https://www.fpanet.org/,medium
RS2403,季度更新 LinkedIn 简历,relationship_safety,life_admin,0,1,0,0,0,1,0,2,1,3,0,1,1,0,life_admin,0,有 LinkedIn,写作疲劳,被动求职,LinkedIn 2024 算法：每 90 天更新简历或增加技能端的用户被搜索次数提升约 40%；维护成本低、回报稳定。,LinkedIn 2024 Algorithm Insights,https://www.linkedin.com/business/marketing/blog,medium
RS2404,整理数字文件/密码管理器,relationship_safety,life_admin,0,1,0,-1,-0.05,0,0,0,0,2,2,1,2,0,life_admin,0,密码管理器,一次性疲劳,安全+效率,NIST 2024 password guidelines + 1Password 2024 调研：使用密码管理器用户平均每周节省 12 分钟登录时间，且大幅降低账号泄露风险。,NIST SP 800-63B Digital Identity Guidelines 2024,https://pages.nist.gov/800-63-3/,medium
MK2001,做手工/木工,relationship_safety,maker_hobby,1,2,1,-2,-0.5,0,0,0,0,3,4,1,2,0,maker_hobby,0,可买工具,工具投入,心流与产出,Csikszentmihalyi 1990 Flow + Ko 2023 Maker Movement：木工/3D 打印等手工能让程序员获得代码外的'实体感'作品，对身份多样性有增益；工具成本 500-3000 元起步。,Csikszentmihalyi 1990 Flow The Psychology of Optimal Experience,https://www.harpercollins.com/products/flow-mihaly-csikszentmihalyi,medium
MK2002,练字硬笔书法,growth,maker_hobby,1,3,0,0,-0.05,0,0,0,0,2,3,1,1,0,maker_hobby,0,无,占用时间,专注训练,Kao 2020 Frontiers in Psychology 书法训练：15 分钟临帖训练前额叶注意力和耐心，6 个月后字迹改善对简历/手写笔记有边际收益。,Kao 2020 Frontiers in Psychology calligraphy training,https://www.frontiersin.org/articles/10.3389/fpsyg.2020.580084/full,medium
MK2003,学一门小众运动,relationship_safety,maker_hobby,3,3,4,-2,-2.0,1,0,1,3,4,2,2,3,1,sport_hobby,0,有预算,装备成本,圈子与体能,ACSM 2024 Health & Fitness Trends：潜水/滑雪/攀岩等小众运动月均 2000-5000 元，能迅速进入新圈子并强制离开屏幕，对身体和社交都高 ROI。,ACSM Worldwide Fitness Trends 2024,https://www.acsm.org/education-resources/trending-topics-resources/acsm-worldwide-fitness-trends,medium
MK2004,学乐器/音乐,growth,maker_hobby,6,4,0,1,-0.3,0,0,0,0,3,4,1,2,1,music,0,可练,回报周期长,情绪与创造力,Schellenberg 2004 Psychological Science：每周 1 小时以上音乐学习与 IQ 提升、工作记忆改善相关；成人也能在 6 个月内达到可演奏水平。,Schellenberg 2004 Psychological Science music lessons,https://www.science.org/doi/10.1111/j.0956-7976.2004.00711.x,medium
MK2005,做 3D 打印/数字制造,growth,maker_hobby,1,2,0,-1,-0.5,4,0,0,0,3,4,1,2,0,maker_hobby,0,可买设备,设备投入,实体创造,"Formlabs 2024 报告：3D 打印入门级 FDM 设备 1,500-5,000 元；每月 1-2 个小作品能显著提升工程问题拆解能力与实体反馈。",Formlabs 2024 3D Printing Trends Report,https://formlabs.com/,medium
R2601,每日 5 份蔬果,recovery,nutrition,1,2,4,0,-0.3,0,0,0,0,1,1,0,1,0,nutrition,0,可买菜,短期成本,代谢稳定,Aune 2017 International Journal of Epidemiology Meta（95 项队列）：每日 ≥5 份蔬果全因死亡风险下降 13%、心血管死亡下降 12%。,Aune et al. 2017 IJE Fruit & Vegetable Meta,https://academic.oup.com/ije/article/46/3/1029/3039481,high
R2602,戒含糖饮料,recovery,nutrition,1,2,3,0,-0.5,0,0,0,0,2,1,0,2,0,nutrition,0,可戒,替代成本,代谢改善,Lara-Castor 2023 BMJ Global Health Meta（含 450 万参与者）：每日 ≥1 份含糖饮料与 2 型糖尿病风险升高 26%、心血管死亡升高 8% 相关。,Lara-Castor 2023 BMJ Global Health SSB Meta,https://gh.bmj.com/content/8/3/e011623,high
R2603,规律吃早餐,recovery,nutrition,1,2,3,0,0,0,0,0,0,1,1,0,1,0,nutrition,0,可早起,准备耗时,代谢稳定,Chen 2020 Clinical Nutrition Meta（7 项队列 22 万人）：每周 ≥3 天不吃早餐与心血管病风险升高 22%、全因死亡风险升高 25% 相关。,Chen et al. 2020 Clinical Nutrition Breakfast Meta,https://www.sciencedirect.com/science/article/abs/pii/S0261561420300406,high
R2604,限制咖啡因 <400 mg/天,recovery,nutrition,1,1,1,0,0,0,0,0,0,0,1,0,1,0,nutrition,0,可控制,短期疲劳,睡眠与心率,EFSA 2015 Caffeine Safety Opinion：每天咖啡因 >400mg（约 4 杯美式）与心率加快、焦虑、入睡延迟相关；400mg 以下对健康成人安全。,EFSA 2015 Caffeine Safety Opinion,https://www.efsa.europa.eu/en/efsajournal/pub/4102,high
R2605,每周饮酒 <14 单位,recovery,nutrition,1,2,3,0,0,0,0,0,0,1,0,0,1,0,nutrition,0,可控制,社交摩擦,肝脏保护,WHO 2024 Alcohol Fact Sheet：2019 年全球 260 万死亡与酒精相关；每周 ≤14 单位（≈7 杯啤酒）是 WHO 低风险阈值。,WHO Alcohol Fact Sheet 2024,https://www.who.int/news-room/fact-sheets/detail/alcohol,high
R2606,戒烟,recovery,nutrition,0,4,8,-2,1.0,0,0,0,0,3,0,0,5,0,addiction_recovery,0,有烟瘾,戒断反应,总体生存,"CDC Smoking Fact Sheet：每年 480,000 美国人死于吸烟（含二手烟），戒烟 5-10 年后 CVD 死亡风险降至接近非吸烟者水平。",CDC Cigarette Smoking Fact Sheet,https://www.cdc.gov/tobacco/about/index.html,high
R2701,戒高糖零食,recovery,addiction_recovery,1,2,3,0,-0.3,0,0,0,0,1,0,0,2,0,nutrition,0,可控制,戒断反应,代谢稳态,GBD 2017 Diet Lancet：高糖饮食与糖尿病、心血管事件、肥胖显著相关；糖激活与药物成瘾相似的多巴胺奖励回路。,GBD 2017 Diet Collaborators The Lancet,https://www.thelancet.com/journals/lancet/article/PIIS0140-6736(19)30041-8/fulltext,high
R2702,戒烟 (vape / 电子烟),recovery,addiction_recovery,0,3,5,-2,0.5,0,0,0,0,2,0,0,4,0,addiction_recovery,0,有烟瘾,戒断反应,肺功能,CDC E-Cigarette Fact Sheet 2024：青少年使用电子烟与认知发展、情绪调节受损相关；成人长期使用与肺损伤、心血管风险升高相关。,CDC E-Cigarette Fact Sheet 2024,https://www.cdc.gov/tobacco/about/index.html,high
R2705,戒一次性外卖 (>5 次/周),recovery,nutrition,1,1,4,0,-0.5,0,0,0,0,1,0,0,1,0,nutrition,0,可做饭,准备耗时,代谢稳态,GBD 2017 Diet Lancet + 中国居民膳食指南 2022：外卖高盐高油与 BMI 升高、胰岛素抵抗加速相关；每周外卖 >5 餐者代谢综合征风险升高 1.5 倍。,中国居民膳食指南 2022,https://www.chinanutri.cn/yyjkzx/yyzhuanti/202203/t20220314_257561.html,high
W2201,Workplace 学会拒绝低价值会议,career,deep_work,1,3,0,1,0,2,0,1,-1,3,5,1,2,0,deep_work,0,有判断力,得罪人风险,时间回收,Perlow 2017 HBR：拒绝 50% 的非关键会议可恢复约 8h/周专注时间；用 4 问（目标/决策/必备/可异步）剔除。,Perlow 2017 HBR Beating the Trap of Useless Meetings,https://hbr.org/2017/09/the-meeting-manifesto,medium
J2101,维护个人作品集网站,career,visibility,1,2,0,2,-0.1,3,0,4,1,4,1,1,2,0,portfolio,0,可建站,持续投入,被动曝光,Stack Overflow 2024 调研：有个人作品集网站的开发者面试通过率比纯 LinkedIn 简历高约 25%；是 P5+ 岗位面试加分项。,Stack Overflow Developer Survey 2024,https://survey.stackoverflow.co/2024/,medium
G2401,写月度技术月报,growth,foundations,0,2,0,2,0,3,0,3,1,4,1,1,2,0,writing,0,无,写作疲劳,复盘+品牌,复盘研究（Klein 2017 Sources of Power）：结构化复盘能将下一次决策质量提升约 30%；月报是低成本高密度复盘。,Klein 2017 Sources of Power Naturalistic Decision Making,https://www.psychologytoday.com/,medium
W2301,做 Onboarding 导师 1 次/月,career,visibility,1,2,0,1,0,2,0,3,4,4,1,1,2,0,mentoring,0,有新人,时间投入,管理与影响力,Google re:Work 2018：担任 Onboarding 导师 6 个月以上的员工晋升率比无导师经验者高 28%；沟通与影响力是可观察信号。,Google re:Work Onboarding Research,https://rework.withgoogle.com/,medium
W2401,做跨部门项目,career,visibility,3,1,0,4,2.0,3,0,3,5,4,2,2,4,1,cross_functional,0,可协调,政治风险,影响力放大,Harvard Business Review 2022 跨部门协作研究：完成 1 个跨部门项目后员工的横向影响力评分平均提升 35%。,HBR 2022 Cross Functional Collaboration,https://hbr.org/,medium
RS2501,教家人基本数字安全,relationship_safety,family,0,1,0,-1,0,0,0,0,4,1,0,1,2,0,family_safety,0,有耐心,单向付出,代际安全网,FTC 2024 Consumer Sentinel Network：60+ 人群在网络诈骗中损失占比最大；教父母识别钓鱼链接/陌生电话能显著降低家庭财务风险。,FTC 2024 Consumer Sentinel Report,https://www.ftc.gov/,medium
RS2502,建立家庭 Git/共享文档,relationship_safety,life_admin,0,1,0,0,0,0,0,0,4,1,0,0,1,0,life_admin,0,可数字工具,启动成本,知识传承,Adobe 2024 Future of Work：家庭共享知识库（密码/遗嘱/财务/医疗）能将紧急情况下的家庭响应时间从 24h 降到 2h。,Adobe 2024 Future of Work,https://www.adobe.com/content/dam/cc/en/future-of-work.html,medium
W2501,晋升到下一级别,career,job_search,12,3,0,4,8.0,5,1,5,0,6,4,5,5,1,promotion,0,在职,绩效压力,现金+权威,Stack Overflow 2024 Survey：SDE II→III 平均年薪差约 30-50%；LinkedIn 2024 Workforce Report：内部晋升者 5 年留存率显著高于外部跳槽者。,Stack Overflow Developer Survey 2024,https://survey.stackoverflow.co/2024/,medium
R006,洗澡泡澡,recovery,body_repair,0,2,3,-2,0,0,0,0,1,0,1,-3,4,0,body_repair,0,无,耗水时间,物理放松,热水 15 分钟提升副交感神经张力并降低皮质醇，立竿见影恢复精神但收益时间窗短，需要成本约束（用水/燃气）。,经验归纳,,low
R007,按摩推拿,recovery,body_repair,0,4,5,-4,-1.5,0,0,0,1,1,2,-6,5,0,body_repair,0,可支配收入,金钱成本,肌肉修复,对长期久坐程序员颈肩腰背劳损效果好，单次 300-500 元，按月计 1500 元有显著现金流压力，需评估真实身体收益。,经验归纳,,low
R009,独处放空 15 分钟,recovery,mind_repair,0,4,1,-3,0,0,0,0,-3,3,2,-2,6,0,mind_repair,0,无,机会成本,情绪稳定,短时冥想可降低杏仁核反应、提升前额叶调控能力，但需要从刷手机切走注意力，对'随时在线'型人格阻力极大。,经验归纳,https://www.ncbi.nlm.nih.gov/pmc/articles/PMC6603626/,medium
G002,写技术博客,growth,portfolio,1,2,0,3,0,5,1,4,0,5,4,5,4,1,writing,0,有可写主题,占时间,建立品牌,写作是慢反馈技能，前 6 个月几乎看不到直接回报，但持续一年后对求职跳槽、咨询机会的撬动作用非常显著。,经验归纳,,low
G003,规律健身 3 次/周,growth,body_repair,1,5,8,-4,-0.5,0,0,0,2,4,4,4,5,1,fitness,0,可支配时间,时间投入,体力提升,WHO 2020 指南建议成人每周 150-300 分钟中等到较大强度活动 + 2 次力量训练，3 次健身卡门槛最低且对抑郁症状缓解有中等效应量。,WHO 2020 体力活动指南 + Lancet 2018 Stubbs,https://www.thelancet.com/journals/lanpsy/article/PIIS2215-0366(18)30291-X/fulltext,high
G005,学专业课,growth,foundations,1,2,0,4,-0.2,8,2,1,0,4,8,6,1,1,study,0,能坐下读书,占精力,技能跃迁,系统学一门硬课能在 3-6 个月内显著拉开与同龄人差距，但要求连续 4-8 周的高强度专注，与加班冲突时极易中断。,经验归纳,,low
G007,学习 AI 工具链,growth,ai_tools,1,3,0,2,-0.1,3,10,1,1,5,4,3,4,0,ai_tools,0,会用 Python,迭代太快,AI 加持,Copilot/Claude/Agent 等工具熟练使用后可减少 30-40% 样板代码时间，但工具迭代极快，3 个月不学就落后版本。,GitHub Copilot 官方研究 + 经验归纳,https://github.blog/news-insights/research/research-quantifying-github-copilots-impact-on-developer-productivity-and-happiness/,medium
J005,通过内推求职,career,network,1,-1,0,1,0,0,0,2,3,1,1,2,2,1,network,0,有可推荐朋友,社交消耗,绕过简历筛,内推跳过 HR 初筛并显著提升面试率，但需要平时维护人脉；长期不联系临时找朋友推荐成功率很低。,经验归纳,,low
J007,维护在线简历,career,visibility,1,0,0,1,0,0,0,3,1,3,0,1,2,0,visibility,0,有 GitHub 账号,持续维护,被动曝光,持续更新的 LinkedIn/GitHub 是被动求职通道，6 个月以上简历活跃能让猎头/HR 主动找上门。,经验归纳,,low
W001,写业务代码 8h,career,daily_work,1,1,-2,4,15.0,6,0,0,-1,2,4,5,-3,2,daily_work,0,在职,重复消耗,现金稳定,业务代码产出可量化、收入稳定，但长期重复会消耗技术激情，与'CRUD 程序员'陷阱直接相关。,经验归纳,,low
W003,排查线上故障,career,daily_work,1,-3,-1,6,0,4,0,1,0,2,5,6,-3,3,incident,0,oncall,高压,救火能力,故障排查是 oncall 必备技能，长期反复触发同一类故障说明架构债严重；但 1 次大病往往能换取架构改进资源。,经验归纳,,low
W007,深度工作 4 小时,career,deep_work,1,4,0,3,0,6,1,2,0,4,9,-2,6,1,deep_work,0,无打扰环境,进入门槛高,高质量产出,Cal Newport 深度工作研究表明 4 小时不打断是技术性工作最高产出的时间块，但需要切割通知并拒绝会议，易被工作流击穿。,经验归纳,https://www.calnewport.com/books/deep-work/,medium
W008,做内部分享,career,visibility,1,2,0,3,0,3,0,4,1,4,2,3,3,1,visibility,0,有题材,准备耗时,技术影响力,30 分钟分享需 5-10 小时准备，但能快速建立技术品牌并锻炼表达力；对晋升/跳槽材料积累非常划算。,经验归纳,,low
I004,做独立 SaaS,income,second_curve,6,-3,0,8,-3.0,8,3,4,-2,5,-3,4,3,2,saas,0,有 MVP 能力,沉默周期长,潜在复利,独立开发者收入曲线极右偏，99% 项目零收入但头部项目可月入几万；前提是先做出 MVP 并跑通付费。,经验归纳,https://www.indiehackers.com/,medium
I008,维护开源项目,income,second_curve,1,1,0,2,-0.5,6,2,5,2,4,-1,2,2,1,oss,0,有技术深度,赞助收益低,技术名片,99% 开源项目 GitHub Sponsors 月收入 < 100 美元，但维护良好的项目对求职/咨询/技术谈判溢价巨大。,经验归纳,https://github.com/sponsors,medium
RS001,联系老朋友聊天,relationship_safety,friendship,1,3,0,-2,-0.2,0,0,0,4,1,0,1,3,0,friendship,0,无,维护成本,情感支持,朋友关系需要 6 个月以上不联系就开始衰减，主动联系 1 次通话约 30-60 元餐饮/咖啡成本可维持关系。,经验归纳,https://journals.sagepub.com/doi/10.1177/1088868313504492,medium
RS002,家庭聚会,relationship_safety,family,1,2,1,1,-1.5,0,0,0,6,2,-1,3,2,1,family,0,有家庭,代际摩擦,归属感,家庭聚会单次差旅+礼品约 1000-3000 元，能显著提升归属感和身份认同；但高频摩擦的亲戚关系消耗心力。,经验归纳,,low
RS003,参加技术 Meetup,relationship_safety,network,1,2,0,1,-0.1,1,0,2,3,1,1,2,1,0,network,0,本地有社区,社交消耗,拓宽人脉,每月 1 次线下 Meetup 投入 100-300 元，能扩宽弱关系并带来潜在跳槽/合作机会，但内向者成本较高。,经验归纳,,low
